"INSTRUMENTO","CLASS_NAME","FUND_NAME","GROUP_NAME","GROUP_CODE","SERIE_GROUP","SERIE_RANGE","LOCAL_SHAREHOLDER_GROUP","FOREIGN_CUSTOMERS","PHYSICAL_PERSONS","MORAL_PERSONS","MORAL_EXEMPT_SHAREHOLDERS","MORAL_TAXABLE_SHAREHOLDERS","PHYSICAL_EXEMPT_SHAREHOLDERS","PHYSICAL_TAXABLE_SHAREHOLDERS","ISR","BUY","SELL","MIN_FIRST_BUY","MIN_SUBSEQUENT_BUY","MIN_INVESTMENT","MAX_INVESTMENT","INSTRUMENT_OID","FUND_SHARE_OID","FUND_SERIE_OID","FUND_OID","QUALIFIER"
"ACTIREN-E","E","ACTIREN","Exentas","E","E",0,1,1,1,1,1,0,1,0,1,1,1,,0,,,514316,500296,500184,500063,""
"ACTIREN-FF","FF","ACTIREN","Fondo de Fondos","FF","FF",0,1,0,0,1,0,1,0,0,0,1,1,,0,,,514317,500297,500185,500063,""
"ACTIREN-A","A","ACTIREN","SERIE DE CAPITAL INICIAL","A","A",0,1,0,0,1,0,1,0,0,1,0,0,,0,,,514318,500298,500186,500063,""
"ACTIREN-M","M","ACTIREN","PM, Fideicomisos, Distribuidoras","M","M",0,1,1,0,1,1,1,0,0,0,1,1,,0,,,514319,500299,500187,500063,""
"ACTIREN-CE","CE","ACTIREN","PM No Contribuyentes","CE","CE",0,1,1,0,1,1,0,0,0,1,1,1,,0,,,514320,500300,500188,500063,""
"ACTIREN-B","B","ACTIREN","PF, Fideicomisos, Distribuidores","B","B",0,1,1,1,0,0,0,1,1,0,1,1,,0,,,514321,500301,500189,500063,""
"ACTIREN-C","C","ACTIREN","Gestión de Inversión","C","C",0,1,1,1,1,1,1,1,1,0,1,1,,0,,,514322,500302,500190,500063,""
"ACTIMED-B","B","ACTIMED","Persona Fisicas","B","B",0,1,1,1,0,0,0,1,1,0,1,1,,0,,,514323,500303,500191,500064,""
"ACTIMED-C","C","ACTIMED","Gestión de Inversión","C","C",0,1,1,1,1,1,1,1,1,0,1,1,,0,,,514324,500304,500192,500064,""
"ACTIMED-E","E","ACTIMED","Exentas","E","E",0,1,1,1,1,1,0,1,0,1,1,1,,0,,,514325,500305,500193,500064,""
"ACTIMED-A","A","ACTIMED","SERIE DE CAPITAL INICIAL","A","A",0,1,0,0,1,0,1,0,0,1,0,0,,0,,,514326,500306,500194,500064,""
"ACTIMED-FF","FF","ACTIMED","Fondo de Fondos","FF","FF",0,1,0,0,1,0,1,0,0,0,1,1,,0,,,514327,500307,500195,500064,""
"ACTIMED-M","M","ACTIMED","Personas Morales","M","M",0,1,1,0,1,1,1,0,0,0,1,1,,0,,,514328,500308,500196,500064,""
"ACTIMED-CE","CE","ACTIMED","Personas Morales No Contribuyentes","CE","CE",0,1,0,0,1,1,0,0,0,1,1,1,,0,,,514329,500309,500197,500064,""
"ALTERNA-B","B","ALTERNA","PF, Fideicomisos, Distribuidores","B","B",0,1,1,1,0,0,0,1,1,0,1,1,,0,,,514330,500310,500198,500065,""
"ALTERNA-CE","CE","ALTERNA","PM No Contribuyentes","CE","CE",0,1,1,0,1,1,0,0,0,1,1,1,,0,,,514331,500311,500199,500065,""
"ALTERNA-E","E","ALTERNA","Exentas","E","E",0,1,1,1,1,1,0,1,0,1,1,1,,0,,,514332,500312,500200,500065,""
"ALTERNA-C","C","ALTERNA","Gestión de Inversión","C","C",0,1,1,1,1,1,1,1,1,0,1,1,,0,,,514333,500313,500201,500065,""
"ALTERNA-FF","FF","ALTERNA","Fondo de Fondos","FF","FF",0,1,0,0,1,0,1,0,0,0,1,1,,0,,,514334,500314,500202,500065,""
"ALTERNA-M","M","ALTERNA","PM, Fideicomisos, Distribuidoras","M","M",0,1,1,0,1,1,1,0,0,0,1,1,,0,,,514335,500315,500203,500065,""
"ALTERNA-A","A","ALTERNA","SERIE DE CAPITAL INICIAL","A","A",0,1,0,0,1,0,1,0,0,1,0,0,,0,,,514336,500316,500204,500065,""
"ESCALA-FF","FF","ESCALA","Fondo de Fondos","FF","FF",0,1,0,0,1,0,1,0,0,0,1,1,,0,,,514337,500317,500205,500066,""
"ESCALA-C","C","ESCALA","Gestión de Inversión","C","C",0,1,1,1,1,1,1,1,1,0,1,1,,0,,,514338,500318,500206,500066,""
"ESCALA-E","E","ESCALA","Exentas","E","E",0,1,1,1,1,1,0,1,0,1,1,1,,0,,,514339,500319,500207,500066,""
"ESCALA-M","M","ESCALA","PM, Fideicomisos, Distribuidoras","M","M",0,1,1,0,1,1,1,0,0,0,1,1,,0,,,514340,500320,500208,500066,""
"ESCALA-A","A","ESCALA","SERIE DE CAPITAL INICIAL","A","A",0,1,0,0,1,0,1,0,0,1,0,0,,0,,,514341,500321,500209,500066,""
"ESCALA-B","B","ESCALA","PF, Fideicomisos, Distribuidores","B","B",0,1,1,1,0,0,0,1,1,0,1,1,,0,,,514342,500322,500210,500066,""
"SALUD-A","A","SALUD","Serie de Capital Inicial","A","A",0,1,0,0,1,0,1,0,0,1,0,0,,0,,,514343,500323,500211,500067,""
"SALUD-C","C","SALUD","Gestión de Inversión","C","C",0,1,1,1,1,1,1,1,1,0,1,1,,0,,,514344,500324,500212,500067,""
"SALUD-E","E","SALUD","Exentas","E","E",0,1,1,1,1,1,0,1,0,1,1,1,,0,,,514345,500325,500213,500067,""
"SALUD-M","M","SALUD","PM, Fideicomisos, Distribuidoras","M","M",0,1,1,0,1,1,1,0,0,0,1,1,,0,,,514346,500326,500214,500067,""
"SALUD-B","B","SALUD","PF, Fideicomisos, Distribuidores","B","B",0,1,1,1,0,0,0,1,1,0,1,1,,0,,,514347,500327,500215,500067,""
"SALUD-FF","FF","SALUD","Fondo de Fondos","FF","FF",0,1,0,0,1,0,1,0,0,0,1,1,,0,,,514348,500328,500216,500067,""
"ACTIG+2-FF","FF","ACTIG+2","Fondo de Fondos","FF","FF",0,1,0,0,1,0,1,0,0,1,1,1,,0,,,514349,500329,500217,500068,""
"ACTIG+2-E","E","ACTIG+2","Exentas","E","E",0,1,1,1,1,1,0,1,0,0,1,1,,0,,,514350,500330,500218,500068,""
"ACTIG+2-C","C","ACTIG+2","Gestión de Inversión","C","C",0,1,1,1,1,1,1,1,1,1,1,1,,0,,,514351,500331,500219,500068,""
"ACTIG+2-B","B","ACTIG+2","PF, Fideicomisos, Distribuidores","B","B",0,1,1,1,0,0,0,1,1,1,1,1,,0,,,514352,500332,500220,500068,""
"ACTIG+2-A","A","ACTIG+2","SERIE DE CAPITAL INICIAL","A","A",0,1,0,0,1,0,1,0,0,0,1,1,,0,,,514353,500333,500221,500068,""
"ACTIG+2-M","M","ACTIG+2","PM, Fideicomisos, Distribuidoras","M","M",0,1,1,0,1,1,1,0,0,1,1,1,,0,,,514354,500334,500222,500068,""
"ACTPT10-C","C","ACTPT10","Gestión de Inversión","C","C",0,1,1,1,1,1,1,1,1,0,1,1,,0,,,514355,500335,500223,500069,""
"ACTPT10-FF","FF","ACTPT10","Fondo de Fondos","FF","FF",0,1,0,0,1,0,1,0,0,0,1,1,,0,,,514356,500336,500224,500069,""
"ACTPT10-E","E","ACTPT10","Exentas","E","E",0,1,1,1,1,1,0,1,0,1,1,1,,0,,,514357,500337,500225,500069,""
"ACTPT10-B-1","B-1","ACTPT10","PF, Fideicomisos, Distribuidores","B","B",1,1,1,1,0,0,0,1,1,0,1,1,0.01,0,0,99999.99,514359,500338,500226,500069,""
"ACTPT10-B-3","B-3","ACTPT10","PF, Fideicomisos, Distribuidores","B","B",1,1,1,1,0,0,0,1,1,0,1,1,0.01,0,1000000,,514360,500339,500226,500069,""
"ACTPT10-B-2","B-2","ACTPT10","PF, Fideicomisos, Distribuidores","B","B",1,1,1,1,0,0,0,1,1,0,1,1,0.01,0,100000,999999.99,514358,500340,500226,500069,""
"ACTPT10-M-3","M-3","ACTPT10","PM, Fideicomisos, Distribuidoras","M","M",1,1,1,0,1,1,1,0,0,0,1,1,10000,0,3000000,,514363,500341,500227,500069,""
"ACTPT10-M-2","M-2","ACTPT10","PM, Fideicomisos, Distribuidoras","M","M",1,1,1,0,1,1,1,0,0,0,1,1,10000,0,1000000,2999999.99,514361,500342,500227,500069,""
"ACTPT10-M-1","M-1","ACTPT10","PM, Fideicomisos, Distribuidoras","M","M",1,1,1,0,1,1,1,0,0,0,1,1,10000,0,0,999999.99,514362,500343,500227,500069,""
"ACTPT10-A","A","ACTPT10","SERIE DE CAPITAL INICIAL","A","A",0,1,0,0,1,0,1,0,0,1,0,0,,0,,,514364,500344,500228,500069,""
"ESFERA-C","C","ESFERA","Gestión de Inversión","C","C",0,1,1,1,1,1,1,1,1,0,1,1,,0,,,514365,500345,500229,500070,""
"ESFERA-E","E","ESFERA","Exentas","E","E",0,1,1,1,1,1,0,1,0,1,1,1,,0,,,514366,500346,500230,500070,""
"ESFERA-M","M","ESFERA","PM, Fideicomisos, Distribuidoras","M","M",0,1,1,0,1,1,1,0,0,0,1,1,,0,,,514367,500347,500231,500070,""
"ESFERA-B","B","ESFERA","PF, Fideicomisos, Distribuidores","B","B",0,1,1,1,0,0,0,1,1,0,1,1,,0,,,514368,500348,500232,500070,""
"ESFERA-FF","FF","ESFERA","Fondo de Fondos","FF","FF",0,1,0,0,1,0,1,0,0,0,1,1,,0,,,514369,500349,500233,500070,""
"ESFERA-A","A","ESFERA","SERIE DE CAPITAL INICIAL","A","A",0,1,0,0,1,0,1,0,0,1,0,0,,0,,,514370,500350,500234,500070,""
"REGIO2-B-1","B-1","REGIO2","PF, Fideicomisos, Distribuidores","B","B",1,1,0,1,0,0,0,1,1,0,1,1,0.01,0,0,99999.99,514371,500351,500235,500071,""
"REGIO2-B-3","B-3","REGIO2","PF, Fideicomisos, Distribuidores","B","B",1,1,0,1,0,0,0,1,1,0,1,1,0.01,0,1000000,,514373,500352,500235,500071,""
"REGIO2-B-2","B-2","REGIO2","PF, Fideicomisos, Distribuidores","B","B",1,1,0,1,0,0,0,1,1,0,1,1,0.01,0,100000,999999.99,514372,500353,500235,500071,""
"REGIO2-M-1","M-1","REGIO2","PM, Fideicomisos, Distribuidoras","M","M",1,1,0,0,1,1,1,0,0,0,1,1,0.01,0,0,999999.99,514374,500354,500236,500071,""
"REGIO2-M-3","M-3","REGIO2","PM, Fideicomisos, Distribuidoras","M","M",1,1,0,0,1,1,1,0,0,0,1,1,0.01,0,3000000,,514375,500355,500236,500071,""
"REGIO2-M-2","M-2","REGIO2","PM, Fideicomisos, Distribuidoras","M","M",1,1,0,0,1,1,1,0,0,0,1,1,0.01,0,1000000,2999999.99,514376,500356,500236,500071,""
"REGIO2-F-3","F-3","REGIO2","PF Extranjeros","F","F",1,0,1,1,0,0,0,1,1,0,1,1,0.01,0,1000000,,514378,500357,500237,500071,""
"REGIO2-F-2","F-2","REGIO2","PF Extranjeros","F","F",1,0,1,1,0,0,0,1,1,0,1,1,0.01,0,100000,999999.99,514377,500358,500237,500071,""
"REGIO2-F-1","F-1","REGIO2","PF Extranjeros","F","F",1,0,1,1,0,0,0,1,1,0,1,1,0.01,0,0,99999.99,514379,500359,500237,500071,""
"REGIO2-D","D","REGIO2","DISTRIBUIDORAS","D","D",0,1,0,1,1,1,1,1,1,0,1,1,,0,,,514380,500360,500238,500071,""
"REGIO2-E","E","REGIO2","Exentas","E","E",0,1,1,1,1,1,0,1,0,1,1,1,,0,,,514381,500361,500239,500071,""
"REGIO2-FF","FF","REGIO2","FONDO DE FONDOS","FF","FF",0,1,0,0,1,0,1,0,0,0,1,1,,0,,,514382,500362,500240,500071,""
"REGIO2-A","A","REGIO2","SERIE DE CAPITAL INICIAL","A","A",0,1,0,0,1,0,1,0,0,1,0,0,,0,,,514383,500363,500241,500071,""
"ACTIG+-CE","CE","ACTIG+","PM No Contribuyentes","CE","CE",0,1,1,0,1,1,0,0,0,0,1,1,,0,,,514384,500364,500242,500072,""
"ACTIG+-E","E","ACTIG+","Exentas","E","E",0,1,1,1,1,1,0,1,0,0,1,1,,0,,,514385,500365,500243,500072,""
"ACTIG+-M","M","ACTIG+","PM, Fideicomisos, Distribuidoras","M","M",0,1,1,0,1,1,1,0,0,1,1,1,,0,,,514386,500366,500244,500072,""
"ACTIG+-A","A","ACTIG+","SERIE DE CAPITAL INICIAL","A","A",0,1,0,0,1,0,1,0,0,0,0,0,,0,,,514387,500367,500245,500072,""
"ACTIG+-FF","FF","ACTIG+","Fondo de Fondos","FF","FF",0,1,0,0,1,0,1,0,0,1,1,1,,0,,,514388,500368,500246,500072,""
"ACTIG+-C","C","ACTIG+","Gestión de Inversión","C","C",0,1,1,1,1,1,1,1,1,1,1,1,,0,,,514389,500369,500247,500072,""
"ACTIG+-B","B","ACTIG+","PF, Fideicomisos, Distribuidores","B","B",0,1,1,1,0,0,0,1,1,1,1,1,,0,,,514390,500370,500248,500072,""
"ACTCOMM-I","I","ACTCOMM","PF, PM, Fideicomisos, PPR","BI","BI",1,1,1,1,1,0,1,1,1,1,1,1,0.01,0,100000000,,514391,500371,500249,500073,""
"ACTCOMM-B","B","ACTCOMM","PF, PM, Fideicomisos, PPR","BI","BI",1,1,1,1,1,0,1,1,1,1,1,1,0.01,0,0,99999999.99,514392,500372,500249,500073,""
"ACTCOMM-FF","FF","ACTCOMM","Fondo de Fondos","FF","FF",0,1,0,0,1,0,1,0,0,1,1,1,,0,,,514393,500373,500250,500073,""
"ACTCOMM-D","D","ACTCOMM","DISTRIBUIDORAS","D","D",0,1,0,1,1,1,1,1,1,0,1,1,,0,,,514394,500374,500251,500073,""
"ACTCOMM-A","A","ACTCOMM","SERIE DE CAPITAL INICIAL","A","A",0,1,0,0,1,0,1,0,0,1,0,0,,0,,,514395,500375,500252,500073,""
"ACTI500-B","B","ACTI500","PF, Fideicomisos, Distribuidores","B","B",0,1,1,1,0,0,0,1,1,0,1,1,,0,,,514396,500376,500253,500074,""
"ACTI500-A","A","ACTI500","SERIE DE CAPITAL INICIAL","A","A",0,1,0,0,1,0,1,0,0,1,0,0,,0,,,514397,500377,500254,500074,""
"ACTI500-FF","FF","ACTI500","Fondo de Fondos","FF","FF",0,1,0,0,1,1,1,0,0,0,1,1,,0,,,514398,500378,500255,500074,""
"ACTI500-E","E","ACTI500","Exentas","E","E",0,1,1,1,1,1,0,1,0,1,1,1,,0,,,514399,500379,500256,500074,""
"ACTI500-C","C","ACTI500","Gestión de Inversión","C","C",0,1,1,1,1,1,1,1,1,0,1,1,,0,,,514400,500380,500257,500074,""
"ACTI500-M","M","ACTI500","PM, Fideicomisos, Distribuidoras","M","M",0,1,1,0,1,1,1,0,0,0,1,1,,0,,,514401,500381,500258,500074,""
"ACTICOB-E","E","ACTICOB","Exentas","E","E",0,1,1,1,1,1,0,1,0,1,1,1,,0,,,514402,500382,500259,500075,""
"ACTICOB-B","B","ACTICOB","PF, Fideicomisos, Distribuidores","B","B",0,1,1,1,0,0,0,1,1,0,1,1,,0,,,514403,500383,500260,500075,""
"ACTICOB-A","A","ACTICOB","SERIE DE CAPITAL INICIAL","A","A",0,1,0,0,1,0,1,0,0,1,0,0,,0,,,514404,500384,500261,500075,""
"ACTICOB-C","C","ACTICOB","Gestión de Inversión","C","C",0,1,1,1,1,1,1,1,1,0,1,1,,0,,,514405,500385,500262,500075,""
"ACTICOB-CE","CE","ACTICOB","PM No Contribuyentes","CE","CE",0,1,1,0,1,1,0,0,0,1,1,1,,0,,,514406,500386,500263,500075,""
"ACTICOB-M","M","ACTICOB","PM, Fideicomisos, Distribuidoras","M","M",0,1,1,0,1,1,1,0,0,0,1,1,,0,,,514407,500387,500264,500075,""
"ACTICOB-FF","FF","ACTICOB","Fondo de Fondos","FF","FF",0,1,0,0,1,0,1,0,0,0,1,1,,0,,,514408,500388,500265,500075,""
"ACTICRE-FF","FF","ACTICRE","Fondo de Fondos","FF","FF",0,1,0,0,1,0,1,0,0,0,1,1,,0,,,514409,500389,500266,500076,""
"ACTICRE-A","A","ACTICRE","SERIE DE CAPITAL INICIAL","A","A",0,1,0,0,1,0,1,0,0,1,0,0,,0,,,514410,500390,500267,500076,""
"ACTICRE-D","D","ACTICRE","DISTRIBUIDORAS","D","D",0,1,0,1,1,1,1,1,1,0,1,1,,0,,,514411,500391,500268,500076,""
"ACTICRE-B","B","ACTICRE","PF, PM, Fideicomisos, PPR","BI","BI",1,1,1,1,1,1,1,1,1,0,1,1,0.01,0,0,99999999.99,514413,500392,500269,500076,""
"ACTICRE-I","I","ACTICRE","PF, PM, Fideicomisos, PPR","BI","BI",1,1,1,1,1,1,1,1,1,0,1,1,0.01,0,100000000,,514412,500393,500269,500076,""
"ACTIGOB-CE","CE","ACTIGOB","PM No Contribuyentes","CE","CE",0,1,1,0,1,1,0,0,0,1,1,1,,0,,,514414,500394,500270,500077,""
"ACTIGOB-GE","GE","ACTIGOB","Exentas","EGE","EGE",1,1,1,1,1,1,0,1,0,1,1,1,0.01,0,100000000.01,250000000,514415,500395,500271,500077,""
"ACTIGOB-GE1","GE1","ACTIGOB","Exentas","EGE","EGE",1,1,1,1,1,1,0,1,0,1,1,1,0.01,0,250000000.01,,514416,500396,500271,500077,""
"ACTIGOB-E","E","ACTIGOB","Exentas","EGE","EGE",1,1,1,1,1,1,0,1,0,1,1,1,0.01,0,0,100000000,514417,500397,500271,500077,""
"ACTIGOB-A","A","ACTIGOB","SERIE DE CAPITAL INICIAL","A","A",0,1,0,0,1,0,1,0,0,1,0,0,,0,,,514418,500398,500272,500077,""
"ACTIGOB-B","B","ACTIGOB","PF, Fideicomisos, Distribuidores","B","B",0,1,1,1,0,0,0,1,1,0,1,1,,0,,,514419,500399,500273,500077,""
"ACTIGOB-M-1","M-1","ACTIGOB","PM, Fideicomisos, Distribuidoras","MG","MG",1,1,1,0,1,1,1,0,0,0,1,1,0.01,0,0,1000000,514421,500400,500274,500077,""
"ACTIGOB-G","G","ACTIGOB","PM, Fideicomisos, Distribuidoras","MG","MG",1,1,1,0,1,1,1,0,0,0,1,1,0.01,0,100000000.01,250000000,514422,500401,500274,500077,""
"ACTIGOB-G1","G1","ACTIGOB","PM, Fideicomisos, Distribuidoras","MG","MG",1,1,1,0,1,1,1,0,0,0,1,1,0.01,0,250000000.01,,514420,500402,500274,500077,""
"ACTIGOB-M-2","M-2","ACTIGOB","PM, Fideicomisos, Distribuidoras","MG","MG",1,1,1,0,1,1,1,0,0,0,1,1,0.01,0,1000000.01,3000000,514424,500403,500274,500077,""
"ACTIGOB-M-3","M-3","ACTIGOB","PM, Fideicomisos, Distribuidoras","MG","MG",1,1,1,0,1,1,1,0,0,0,1,1,0.01,0,3000000.01,100000000,514423,500404,500274,500077,""
"ACTIGOB-C","C","ACTIGOB","Gestión de Inversión","C","C",0,1,1,1,1,1,1,1,1,0,1,1,,0,,,514425,500405,500275,500077,""
"ACTIGOB-FF","FF","ACTIGOB","Fondo de Fondos","FF","FF",0,1,0,0,1,0,1,0,0,0,1,1,,0,,,514426,500406,500276,500077,""
"ACTINEM-D","D","ACTINEM","DISTRIBUIDORAS","D","D",0,1,0,1,1,1,1,1,1,0,1,1,,0,,,514427,500407,500277,500078,""
"ACTINEM-A","A","ACTINEM","SERIE DE CAPITAL INICIAL","A","A",0,1,0,0,1,0,1,0,0,1,0,0,,0,,,514428,500408,500278,500078,""
"ACTINEM-FF","FF","ACTINEM","Fondo de Fondos","FF","FF",0,1,0,0,1,0,1,0,0,1,1,1,,0,,,514429,500409,500279,500078,""
"ACTINEM-B","B","ACTINEM","PF, PM, Fideicomisos, PPR","BI","BI",1,1,1,1,1,0,1,1,1,1,1,1,0.01,0,0,99999999.99,514430,500410,500280,500078,""
"ACTINEM-I","I","ACTINEM","PF, PM, Fideicomisos, PPR","BI","BI",1,1,1,1,1,0,1,1,1,1,1,1,0.01,0,100000000,,514431,500411,500280,500078,""
"ACTINMO-FF","FF","ACTINMO","Fondo de Fondos","FF","FF",0,1,0,0,1,0,1,0,0,0,1,1,,0,,,514432,500412,500281,500079,""
"ACTINMO-A","A","ACTINMO","SERIE DE CAPITAL INICIAL","A","A",0,1,0,0,1,0,1,0,0,1,0,0,,0,,,514433,500413,500282,500079,""
"ACTINMO-I","I","ACTINMO","PF, PM, Fideicomisos, PPR","BI","BI",1,1,1,1,1,1,1,1,1,0,1,1,0.01,0,100000000,,514434,500414,500283,500079,""
"ACTINMO-B","B","ACTINMO","PF, PM, Fideicomisos, PPR","BI","BI",1,1,1,1,1,1,1,1,1,0,1,1,0.01,0,0,99999999.99,514435,500415,500283,500079,""
"ACTINMO-D","D","ACTINMO","DISTRIBUIDORAS","D","D",0,1,0,1,1,1,1,1,1,0,1,1,,0,,,514436,500416,500284,500079,""
"ACTINTK-I","I","ACTINTK","PF, PM, Fideicomisos, PPR","BI","BI",1,1,1,1,1,1,1,1,1,0,0,1,0.01,0,100000000,,514438,500417,500285,500080,""
"ACTINTK-B","B","ACTINTK","PF, PM, Fideicomisos, PPR","BI","BI",1,1,1,1,1,1,1,1,1,0,0,1,0.01,0,0,99999999.99,514437,500418,500285,500080,""
"ACTINTK-D","D","ACTINTK","DISTRIBUIDORAS","D","D",0,1,0,1,1,1,1,1,1,0,0,1,,0,,,514439,500419,500286,500080,""
"ACTINTK-FF","FF","ACTINTK","Fondo de Fondos","FF","FF",0,1,0,0,1,0,1,0,0,0,0,1,,0,,,514440,500420,500287,500080,""
"ACTINTK-A","A","ACTINTK","SERIE DE CAPITAL INICIAL","A","A",0,1,0,0,1,0,1,0,0,1,0,0,,0,,,514441,500421,500288,500080,""
"ACTIPAT-D","D","ACTIPAT","DISTRIBUIDORAS","D","D",0,1,0,1,1,1,1,1,1,0,0,0,,0,,,514442,500422,500289,500081,""
"ACTIPAT-FF","FF","ACTIPAT","Fondo de Fondos","FF","FF",0,1,0,0,1,0,1,0,0,0,0,0,,0,,,514443,500423,500290,500081,""
"ACTIPAT-A","A","ACTIPAT","SERIE DE CAPITAL INICIAL","A","A",0,1,0,0,1,0,1,0,0,1,0,0,,0,,,514444,500424,500291,500081,""
"ACTIPAT-I","I","ACTIPAT","PF, PM, Fideicomisos, PPR","BI","BI",1,1,1,1,1,1,1,1,1,0,0,0,0.01,0,100000000,,514445,500425,500292,500081,""
"ACTIPAT-B","B","ACTIPAT","PF, PM, Fideicomisos, PPR","BI","BI",1,1,1,1,1,1,1,1,1,0,0,0,0.01,0,0,99999999.99,514446,500426,500292,500081,""
"ACTIPLU-M","M","ACTIPLU","PM, Fideicomisos, Distribuidoras","M","M",0,1,1,0,1,1,1,0,0,0,1,1,,0,,,514447,500427,500293,500082,""
"ACTIPLU-A","A","ACTIPLU","SERIE DE CAPITAL INICIAL","A","A",0,1,0,0,1,0,1,0,0,1,1,1,,0,,,514448,500428,500294,500082,""
"ACTIPLU-FF","FF","ACTIPLU","Fondo de Fondos","FF","FF",0,1,0,0,1,0,1,0,0,0,1,1,,0,,,514449,500429,500295,500082,""
"ACTIPLU-E","E","ACTIPLU","Exentas","E","E",0,1,1,1,1,1,0,1,0,1,1,1,,0,,,514450,500430,500296,500082,""
"ACTIPLU-C","C","ACTIPLU","Gestión de Inversión","C","C",0,1,1,1,1,1,1,1,1,0,1,1,,0,,,514451,500431,500297,500082,""
"ACTIPLU-CE","CE","ACTIPLU","PM No Contribuyentes","CE","CE",0,1,1,0,1,1,0,0,0,1,1,1,,0,,,514452,500432,500298,500082,""
"ACTIPLU-B","B","ACTIPLU","PF, Fideicomisos, Distribuidores","B","B",0,1,1,1,0,0,0,1,1,0,1,1,,0,,,514453,500433,500299,500082,""
"+VALOR-B3","B3","+VALOR","PF, PM","B3","B3",0,1,1,1,1,0,1,1,1,1,1,1,,0,,,514454,500434,500300,500083,""
"+VALOR-FF","FF","+VALOR","Fondo de Fondos","FF","FF",0,1,0,0,1,0,1,0,0,1,1,1,,0,,,514455,500435,500301,500083,""
"+VALOR-B2","B2","+VALOR","PF, PM","B2","B2",0,1,0,1,1,0,1,1,1,1,1,1,,0,,,514456,500436,500302,500083,""
"+VALOR-I","I","+VALOR","PF, PM Fideicomisos","I","I",0,1,1,1,1,0,1,1,1,1,1,1,,0,,,514457,500437,500303,500083,""
"+VALOR-A","A","+VALOR","SERIE DE CAPITAL INICIAL","A","A",0,1,1,0,1,0,1,0,0,1,0,0,,0,,,514458,500438,500304,500083,""
"+VALOR-B1","B1","+VALOR","PF, PM","B1","B1",0,1,0,1,1,0,1,1,1,1,1,1,,0,,,514459,500439,500305,500083,""
"+VALOR-D","D","+VALOR","DISTRIBUIDORAS","D","D",0,1,0,1,1,1,1,1,1,0,1,1,,0,,,514460,500440,500306,500083,""
"+VALOR-E","E","+VALOR","Exentas","E","E",0,1,1,1,1,1,0,1,1,0,1,1,,0,,,514461,500441,500307,500083,""
"ACTVIDA-FF","FF","ACTVIDA","FONDO DE FONDOS","FF","FF",0,1,0,0,1,0,1,0,0,0,1,1,,0,,,514462,500442,500308,500084,""
"ACTVIDA-B","B","ACTVIDA","PF, Fideicomisos, Distribuidores","B","B",0,1,1,1,0,0,0,1,1,0,1,1,,0,,,514463,500443,500309,500084,""
"ACTVIDA-E","E","ACTVIDA","Exentas","E","E",0,1,1,1,1,1,0,1,0,1,1,1,,0,,,514464,500444,500310,500084,""
"ACTVIDA-M","M","ACTVIDA","PM, Fideicomisos, Distribuidoras","M","M",0,1,1,0,1,1,1,0,0,0,1,1,,0,,,514465,500445,500311,500084,""
"ACTVIDA-A","A","ACTVIDA","SERIE DE CAPITAL INICIAL","A","A",0,1,0,0,1,0,1,0,0,1,0,0,,0,,,514466,500446,500312,500084,""
"ACTVIDA-C","C","ACTVIDA","Gestión de Inversión","C","C",0,1,1,1,1,1,1,1,1,0,1,1,,0,,,514467,500447,500313,500084,""
"ACTIVAR-A","A","ACTIVAR","SERIE DE CAPITAL INICIAL","A","A",0,1,0,0,1,0,1,0,0,1,0,0,,0,,,514468,500448,500314,500085,""
"ACTIVAR-E","E","ACTIVAR","Exentas","E","E",0,1,1,1,1,1,1,1,1,0,1,1,,0,,,514469,500449,500315,500085,""
"ACTIVAR-C","C","ACTIVAR","Gestión de Inversión","C","C",0,1,1,1,1,1,1,1,1,0,1,1,,0,,,514470,500450,500316,500085,""
"ACTIVAR-B","B","ACTIVAR","PF, Fideicomisos, Distribuidores","B","B",0,1,1,1,0,0,0,1,1,0,1,1,,0,,,514471,500451,500317,500085,""
"ACTIVAR-M","M","ACTIVAR","PM, Fideicomisos, Distribuidoras","M","M",0,1,1,0,1,1,1,0,0,0,1,1,,0,,,514472,500452,500318,500085,""
"ACTIVAR-FF","FF","ACTIVAR","Fondo de Fondos","FF","FF",0,1,0,0,1,0,1,0,0,0,1,1,,0,,,514473,500453,500319,500085,""
"ACTOTAL-B","B","ACTOTAL","PF, Fideicomisos, Distribuidores","B","B",0,1,1,1,0,0,0,1,1,0,1,1,,0,,,514474,500454,500320,500086,""
"ACTOTAL-FF","FF","ACTOTAL","FONDO DE FONDOS","FF","FF",0,1,0,0,1,0,1,0,0,0,1,1,,0,,,514475,500455,500321,500086,""
"ACTOTAL-E","E","ACTOTAL","Exentas","E","E",0,1,1,1,1,1,0,1,0,1,1,1,,0,,,514476,500456,500322,500086,""
"ACTOTAL-M","M","ACTOTAL","PM, Fideicomisos, Distribuidoras","M","M",0,1,1,0,1,1,1,0,0,0,1,1,,0,,,514477,500457,500323,500086,""
"ACTOTAL-A","A","ACTOTAL","SERIE DE CAPITAL INICIAL","A","A",0,1,0,0,1,0,1,0,0,1,0,0,,0,,,514478,500458,500324,500086,""
"ACTOTAL-C","C","ACTOTAL","Gestión de Inversión","C","C",0,1,1,1,1,1,1,1,1,0,1,1,,0,,,514479,500459,500325,500086,""
"ROBOTIK-B-3","B-3","ROBOTIK","PF, Fideicomisos, Distribuidores","B","B",1,1,1,1,0,0,0,1,1,0,1,1,10000,0,1000000,,514482,500460,500326,500087,""
"ROBOTIK-B-1","B-1","ROBOTIK","PF, Fideicomisos, Distribuidores","B","B",1,1,1,1,0,0,0,1,1,0,1,1,10000,0,0,99999.99,514480,500461,500326,500087,""
"ROBOTIK-B-2","B-2","ROBOTIK","PF, Fideicomisos, Distribuidores","B","B",1,1,1,1,0,0,0,1,1,0,1,1,10000,0,100000,999999.99,514481,500462,500326,500087,""
"ROBOTIK-E","E","ROBOTIK","Exentas","E","E",0,1,1,1,1,1,0,1,0,1,1,1,,0,,,514483,500463,500327,500087,""
"ROBOTIK-M-1","M-1","ROBOTIK","PM, Fideicomisos, Distribuidoras","M","M",1,1,1,0,1,1,1,0,0,0,1,1,10000,0,0,999999.99,514485,500464,500328,500087,""
"ROBOTIK-M-2","M-2","ROBOTIK","PM, Fideicomisos, Distribuidoras","M","M",1,1,1,0,1,1,1,0,0,0,1,1,10000,0,1000000,2999999.99,514486,500465,500328,500087,""
"ROBOTIK-M-3","M-3","ROBOTIK","PM, Fideicomisos, Distribuidoras","M","M",1,1,1,0,1,1,1,0,0,0,1,1,10000,0,3000000,,514484,500466,500328,500087,""
"ROBOTIK-A","A","ROBOTIK","SERIE DE CAPITAL INICIAL","A","A",0,1,0,0,1,0,1,0,0,1,0,0,,0,,,514487,500467,500329,500087,""
"ROBOTIK-FF","FF","ROBOTIK","FONDO DE FONDOS","FF","FF",0,1,0,0,1,0,1,0,0,0,1,1,,0,,,514488,500468,500330,500087,""
"AGOB+-CE","CE","AGOB+","PM No Contribuyentes","CE","CE",0,1,1,0,1,1,0,0,0,1,0,0,,0,,,514489,500469,500331,500088,""
"AGOB+-FF","FF","AGOB+","Fondo de Fondos","FF","FF",0,1,0,0,1,0,1,0,0,0,0,0,,0,,,514490,500470,500332,500088,""
"AGOB+-C","C","AGOB+","Gestión de Inversión","C","C",0,1,1,1,1,1,1,1,1,0,0,0,,0,,,514491,500471,500333,500088,""
"AGOB+-M-2","M-2","AGOB+","PM, Fideicomisos, Distribuidoras","MG","MG",1,1,1,0,1,1,1,0,0,0,0,0,0.01,0,1000000,2999999.99,514492,500472,500334,500088,""
"AGOB+-G","G","AGOB+","PM, Fideicomisos, Distribuidoras","MG","MG",1,1,1,0,1,1,1,0,0,0,0,0,0.01,0,150000000,,514494,500473,500334,500088,""
"AGOB+-M-3","M-3","AGOB+","PM, Fideicomisos, Distribuidoras","MG","MG",1,1,1,0,1,1,1,0,0,0,0,0,0.01,0,3000000,149999999.99,514495,500474,500334,500088,""
"AGOB+-M-1","M-1","AGOB+","PM, Fideicomisos, Distribuidoras","MG","MG",1,1,1,0,1,1,1,0,0,0,0,0,0.01,0,0,999999.99,514493,500475,500334,500088,""
"AGOB+-B-3","B-3","AGOB+","PF, Fideicomisos, Distribuidores","B","B",1,1,1,1,0,0,0,1,1,0,0,0,0.01,0,1000000,,514496,500476,500335,500088,""
"AGOB+-B-2","B-2","AGOB+","PF, Fideicomisos, Distribuidores","B","B",1,1,1,1,0,0,0,1,1,0,0,0,0.01,0,100000,999999.99,514497,500477,500335,500088,""
"AGOB+-B-1","B-1","AGOB+","PF, Fideicomisos, Distribuidores","B","B",1,1,1,1,0,0,0,1,1,0,0,0,0.01,0,0,99999.99,514498,500478,500335,500088,""
"AGOB+-E","E","AGOB+","Exentas","EGE","EGE",1,1,1,1,1,1,0,1,0,1,0,0,0.01,0,0,149999999.99,514500,500479,500336,500088,""
"AGOB+-GE","GE","AGOB+","Exentas","EGE","EGE",1,1,1,1,1,1,0,1,0,1,0,0,0.01,0,150000000,,514499,500480,500336,500088,""
"AGOB+-A","A","AGOB+","SERIE DE CAPITAL INICIAL","A","A",0,1,0,0,1,0,1,0,0,1,0,0,,0,,,514501,500481,500337,500088,""
"APOLO10-A","A","APOLO10","SERIE DE CAPITAL INICIAL","A","A",0,1,0,0,1,0,1,0,0,1,0,0,,0,,,514502,500482,500338,500089,""
"APOLO10-M-3","M-3","APOLO10","PM, Fideicomisos, Distribuidoras","M","M",1,1,0,0,1,1,1,0,0,0,1,1,0.01,0,3000000,,514505,500483,500339,500089,""
"APOLO10-M-2","M-2","APOLO10","PM, Fideicomisos, Distribuidoras","M","M",1,1,0,0,1,1,1,0,0,0,1,1,0.01,2999999,1000000,2999999.99,514504,500484,500339,500089,""
"APOLO10-M-1","M-1","APOLO10","PM, Fideicomisos, Distribuidoras","M","M",1,1,0,0,1,1,1,0,0,0,1,1,0.01,999999.99,0,999999.99,514503,500485,500339,500089,""
"APOLO10-B-2","B-2","APOLO10","PF, Fideicomisos, Distribuidores","B","B",1,1,0,1,0,0,0,1,1,0,1,1,0.01,0,100000,999999.99,514507,500486,500340,500089,""
"APOLO10-B-3","B-3","APOLO10","PF, Fideicomisos, Distribuidores","B","B",1,1,0,1,0,0,0,1,1,0,1,1,0.01,0,1000000,,514508,500487,500340,500089,""
"APOLO10-B-1","B-1","APOLO10","PF, Fideicomisos, Distribuidores","B","B",1,1,0,1,0,0,0,1,1,0,1,1,0.01,0,0,99999.99,514506,500488,500340,500089,""
"APOLO10-E","E","APOLO10","Exentas","E","E",0,1,1,1,1,1,0,1,0,1,1,1,,0,,,514509,500489,500341,500089,""
"REGIO1-A","A","REGIO1","SERIE DE CAPITAL INICIAL","A","A",0,1,0,0,1,0,1,0,0,1,0,0,,0,,,514510,500490,500342,500090,""
"REGIO1-B1","B1","REGIO1","PF, Fideicomisos, Distribuidores","B","B",1,1,1,1,1,1,1,1,1,0,1,1,10000,0,0,49999.99,514514,500491,500343,500090,""
"REGIO1-B2","B2","REGIO1","PF, Fideicomisos, Distribuidores","B","B",1,1,1,1,1,1,1,1,1,0,1,1,10000,0,50000,99999.99,514515,500492,500343,500090,""
"REGIO1-B4","B4","REGIO1","PF, Fideicomisos, Distribuidores","B","B",1,1,1,1,1,1,1,1,1,0,1,1,10000,0,500000,999999.99,514512,500493,500343,500090,""
"REGIO1-B3","B3","REGIO1","PF, Fideicomisos, Distribuidores","B","B",1,1,1,1,1,1,1,1,1,0,1,1,10000,0,100000,499999.99,514513,500494,500343,500090,""
"REGIO1-B6","B6","REGIO1","PF, Fideicomisos, Distribuidores","B","B",1,1,1,1,1,1,1,1,1,0,1,1,10000,0,3000000,,514516,500495,500343,500090,""
"REGIO1-B5","B5","REGIO1","PF, Fideicomisos, Distribuidores","B","B",1,1,1,1,1,1,1,1,1,0,1,1,10000,0,1000000,2999999.99,514511,500496,500343,500090,""
"REGIO1-C","C","REGIO1","Gestión de Inversión","C","C",0,1,1,1,1,1,1,1,1,0,1,1,,0,,,514517,500497,500344,500090,""
"REGIO1-E","E","REGIO1","Exentas","E","E",0,1,1,1,1,1,0,1,0,1,1,1,,0,,,514518,500498,500345,500090,""
"DINAMO-I","I","DINAMO","PF, PM, Fideicomisos, PPR","BI","BI",1,1,1,1,1,1,1,1,1,0,1,1,0.01,0,100000000,,514519,500499,500346,500091,""
"DINAMO-B","B","DINAMO","PF, PM, Fideicomisos, PPR","BI","BI",1,1,1,1,1,1,1,1,1,0,1,1,0.01,0,0,99999999.99,514520,500500,500346,500091,""
"DINAMO-A","A","DINAMO","SERIE DE CAPITAL INICIAL","A","A",0,1,0,0,1,0,1,0,0,1,0,0,,0,,,514521,500501,500347,500091,""
"DINAMO-D","D","DINAMO","DISTRIBUIDORAS","D","D",0,1,0,1,1,1,1,1,1,0,1,1,,0,,,514522,500502,500348,500091,""
"DINAMO-FF","FF","DINAMO","FONDO DE FONDOS","FF","FF",0,1,0,0,1,0,1,0,0,0,1,1,,0,,,514523,500503,500349,500091,""
"EVEREST-D","D","EVEREST","DISTRIBUIDORAS","D","D",0,1,0,1,1,1,1,1,1,0,1,1,,0,,,514524,500504,500350,500092,""
"EVEREST-E","E","EVEREST","Exentas","E","E",0,1,1,1,1,1,0,1,0,1,1,1,,0,,,514525,500505,500351,500092,""
"EVEREST-A","A","EVEREST","SERIE DE CAPITAL INICIAL","A","A",0,1,0,0,1,0,1,0,0,1,0,0,,0,,,514526,500506,500352,500092,""
"EVEREST-F-1","F-1","EVEREST","PF Extranjeros","F","F",1,0,1,1,0,0,0,1,1,0,1,1,0.01,0,0,99999.99,514528,500507,500353,500092,""
"EVEREST-F-3","F-3","EVEREST","PF Extranjeros","F","F",1,0,1,1,0,0,0,1,1,0,1,1,0.01,0,1000000,29999999.99,514529,500508,500353,500092,""
"EVEREST-F-4","F-4","EVEREST","PF Extranjeros","F","F",1,0,1,1,0,0,0,1,1,0,1,1,0.01,0,30000000,,514527,500509,500353,500092,""
"EVEREST-F-2","F-2","EVEREST","PF Extranjeros","F","F",1,0,1,1,0,0,0,1,1,0,1,1,0.01,0,100000,999999.99,514530,500510,500353,500092,""
"EVEREST-B-4","B-4","EVEREST","PF, Fideicomisos, Distribuidores","B","B",1,1,0,1,0,0,0,1,1,0,1,1,0.01,0,30000000,,514532,500511,500354,500092,""
"EVEREST-B-1","B-1","EVEREST","PF, Fideicomisos, Distribuidores","B","B",1,1,0,1,0,0,0,1,1,0,1,1,0.01,0,0,99999.99,514534,500512,500354,500092,""
"EVEREST-B-3","B-3","EVEREST","PF, Fideicomisos, Distribuidores","B","B",1,1,0,1,0,0,0,1,1,0,1,1,0.01,0,1000000,29999999.99,514531,500513,500354,500092,""
"EVEREST-B-2","B-2","EVEREST","PF, Fideicomisos, Distribuidores","B","B",1,1,0,1,0,0,0,1,1,0,1,1,0.01,0,100000,999999.99,514533,500514,500354,500092,""
"EVEREST-M-4","M-4","EVEREST","PM, Fideicomisos, Distribuidoras","M","M",1,1,0,0,1,1,1,0,0,0,1,1,0.01,0,50000000,,514538,500515,500355,500092,""
"EVEREST-M-1","M-1","EVEREST","PM, Fideicomisos, Distribuidoras","M","M",1,1,0,0,1,1,1,0,0,0,1,1,0.01,0,0,999999.99,514537,500516,500355,500092,""
"EVEREST-M-2","M-2","EVEREST","PM, Fideicomisos, Distribuidoras","M","M",1,1,0,0,1,1,1,0,0,0,1,1,0.01,0,1000000,2999999.99,514536,500517,500355,500092,""
"EVEREST-M-3","M-3","EVEREST","PM, Fideicomisos, Distribuidoras","M","M",1,1,0,0,1,1,1,0,0,0,1,1,0.01,0,3000000,49999999.99,514535,500518,500355,500092,""
"MAYA-C","C","MAYA","Gestión de Inversión","C","C",0,1,1,1,1,1,1,1,1,0,1,1,,0,,,514539,500519,500356,500093,""
"MAYA-B","B","MAYA","PF, Fideicomisos, Distribuidores","B","B",0,1,1,1,0,0,0,1,1,0,1,1,,0,,,514540,500520,500357,500093,""
"MAYA-M","M","MAYA","PM, Fideicomisos, Distribuidoras","M","M",0,1,1,0,1,1,1,0,0,0,1,1,,0,,,514541,500521,500358,500093,""
"MAYA-E","E","MAYA","Exentas","E","E",0,1,1,1,1,1,0,1,0,1,1,1,,0,,,514542,500522,500359,500093,""
"MAYA-FF","FF","MAYA","FONDO DE FONDOS","FF","FF",0,1,0,0,1,0,1,0,0,0,1,1,,0,,,514543,500523,500360,500093,""
"MAYA-A","A","MAYA","SERIE DE CAPITAL INICIAL","A","A",0,1,0,0,1,0,1,0,0,1,0,0,,0,,,514544,500524,500361,500093,""
"OPTIMO-D","D","OPTIMO","DISTRIBUIDORAS","D","D",0,1,0,0,1,0,1,0,0,0,1,1,,0,,,514545,500525,500362,500094,""
"OPTIMO-B","B","OPTIMO","PF, PM, Fideicomisos, PPR","BI","BI",1,1,1,1,1,1,1,1,1,0,1,1,0.01,0,0,99999999.99,514546,500526,500363,500094,""
"OPTIMO-I","I","OPTIMO","PF, PM, Fideicomisos, PPR","BI","BI",1,1,1,1,1,1,1,1,1,0,1,1,0.01,0,100000000,,514547,500527,500363,500094,""
"OPTIMO-A","A","OPTIMO","SERIE DE CAPITAL INICIAL","A","A",0,1,0,0,1,0,1,0,0,1,0,0,,0,,,514548,500528,500364,500094,""
"OPTIMO-FF","FF","OPTIMO","FONDO DE FONDOS","FF","FF",0,1,0,0,1,0,1,0,0,0,1,1,,0,,,514549,500529,500365,500094,""
"MAXIMO-E","E","MAXIMO","Exentas","E","E",0,1,1,1,1,1,0,1,0,1,1,1,,0,,,514550,500530,500366,500095,""
"MAXIMO-C","C","MAXIMO","Gestión de Inversión","C","C",0,1,1,1,1,1,1,1,1,0,1,1,,0,,,514551,500531,500367,500095,""
"MAXIMO-A","A","MAXIMO","SERIE DE CAPITAL INICIAL","A","A",0,1,0,0,1,0,1,0,0,1,0,0,,0,,,514552,500532,500368,500095,""
"MAXIMO-B","B","MAXIMO","PF, Fideicomisos, Distribuidores","B","B",0,1,1,1,0,0,0,1,1,0,1,1,,0,,,514553,500533,500369,500095,""
"MAXIMO-FF","FF","MAXIMO","Fondo de Fondos","FF","FF",0,1,0,0,1,0,1,0,0,0,1,1,,0,,,514554,500534,500370,500095,""
"MAXIMO-M","M","MAXIMO","PM, Fideicomisos, Distribuidoras","M","M",0,1,1,0,1,1,1,0,0,0,1,1,,0,,,514555,500535,500371,500095,""
"ACTIPT4-M","M","ACTIPT4","PM, Fideicomisos, Distribuidoras","M","M",0,1,1,0,1,1,1,0,0,0,1,1,,0,,,514556,500536,500372,500096,""
"ACTIPT4-FF","FF","ACTIPT4","Fondo de Fondos","FF","FF",0,1,0,0,1,0,1,0,0,0,1,1,,0,,,514557,500537,500373,500096,""
"ACTIPT4-B-3","B-3","ACTIPT4","PF, Fideicomisos, Distribuidores","B","B",1,1,1,1,0,0,0,1,1,0,1,1,100000,0,1000000,44999999.99,514560,500538,500374,500096,""
"ACTIPT4-B-1","B-1","ACTIPT4","PF, Fideicomisos, Distribuidores","B","B",1,1,1,1,0,0,0,1,1,0,1,1,100000,0,45000000,,514559,500539,500374,500096,""
"ACTIPT4-B-2","B-2","ACTIPT4","PF, Fideicomisos, Distribuidores","B","B",1,1,1,1,0,0,0,1,1,0,1,1,100000,0,0,999999.99,514558,500540,500374,500096,""
"ACTIPT4-E","E","ACTIPT4","Exentas","E","E",0,1,1,1,1,1,0,1,0,1,1,1,,0,,,514561,500541,500375,500096,""
"ACTIPT4-C","C","ACTIPT4","Gestión de Inversión","C","C",0,1,1,1,1,1,1,1,1,0,1,1,,0,,,514562,500542,500376,500096,""
"ACTIPT4-A","A","ACTIPT4","SERIE DE CAPITAL INICIAL","A","A",0,1,0,0,1,0,1,0,0,1,0,0,,0,,,514563,500543,500377,500096,""
"ACTIEUR-F-3","F-3","ACTIEUR","PF Extranjeros","F","F",1,0,1,1,0,0,0,1,1,0,0,0,0.01,0,1000000,,514565,500544,500378,500097,""
"ACTIEUR-F-1","F-1","ACTIEUR","PF Extranjeros","F","F",1,0,1,1,0,0,0,1,1,0,0,0,0.01,0,0,99999.99,514566,500545,500378,500097,""
"ACTIEUR-F-2","F-2","ACTIEUR","PF Extranjeros","F","F",1,0,1,1,0,0,0,1,1,0,0,0,0.01,0,100000,999999.99,514564,500546,500378,500097,""
"ACTIEUR-E","E","ACTIEUR","Exentas","E","E",0,1,1,1,1,1,0,1,0,1,0,0,,0,,,514567,500547,500379,500097,""
"ACTIEUR-M-1","M-1","ACTIEUR","PM, Fideicomisos, Distribuidoras","M","M",1,1,0,0,1,1,1,0,0,0,0,0,0.01,0,0,999999.99,514569,500548,500380,500097,""
"ACTIEUR-M-2","M-2","ACTIEUR","PM, Fideicomisos, Distribuidoras","M","M",1,1,0,0,1,1,1,0,0,0,0,0,0.01,0,1000000,2999999.99,514570,500549,500380,500097,""
"ACTIEUR-M-3","M-3","ACTIEUR","PM, Fideicomisos, Distribuidoras","M","M",1,1,0,0,1,1,1,0,0,0,0,0,0.01,0,3000000,,514568,500550,500380,500097,""
"ACTIEUR-A","A","ACTIEUR","SERIE DE CAPITAL INICIAL","A","A",0,1,0,0,1,0,1,0,0,1,0,0,,0,,,514571,500551,500381,500097,""
"ACTIEUR-FF","FF","ACTIEUR","Fondo de Fondos","FF","FF",0,1,0,0,1,0,1,0,0,0,0,0,,0,,,514572,500552,500382,500097,""
"ACTIEUR-B-2","B-2","ACTIEUR","PF, Fideicomisos, Distribuidores","B","B",1,1,1,1,0,0,0,1,1,0,0,0,0.01,0,100000,999999.99,514574,500553,500383,500097,""
"ACTIEUR-B-1","B-1","ACTIEUR","PF, Fideicomisos, Distribuidores","B","B",1,1,1,1,0,0,0,1,1,0,0,0,0.01,0,0,99999.99,514573,500554,500383,500097,""
"ACTIEUR-B-3","B-3","ACTIEUR","PF, Fideicomisos, Distribuidores","B","B",1,1,1,1,0,0,0,1,1,0,0,0,0.01,0,1000000,,514575,500555,500383,500097,""
"ACTIEUR-D","D","ACTIEUR","DISTRIBUIDORAS","D","D",0,1,0,1,0,0,0,1,1,0,0,0,,0,,,514576,500556,500384,500097,""
"ACTIPT1-I","I","ACTIPT1","PF, PM, Fideicomisos, PPR","BI","BI",1,1,1,1,1,1,1,1,1,0,1,1,0.01,0,100000000,,514577,500557,500385,500098,""
"ACTIPT1-B","B","ACTIPT1","PF, PM, Fideicomisos, PPR","BI","BI",1,1,1,1,1,1,1,1,1,0,1,1,0.01,0,0,99999999.99,514578,500558,500385,500098,""
"ACTIPT1-FF","FF","ACTIPT1","Fondo de Fondos","FF","FF",0,1,0,0,1,0,1,0,0,0,1,1,,0,,,514579,500559,500386,500098,""
"ACTIPT1-A","A","ACTIPT1","SERIE DE CAPITAL INICIAL","A","A",0,1,0,0,1,0,1,0,0,1,0,0,,0,,,514580,500560,500387,500098,""
"ACTIPT1-D","D","ACTIPT1","DISTRIBUIDORAS","D","D",0,1,0,1,1,1,1,1,1,0,1,1,,0,,,514581,500561,500388,500098,""
"ACTIPT1-E","E","ACTIPT1","Exentas","E","E",0,1,1,1,1,1,0,1,0,1,1,1,,0,,,514582,500562,500389,500098,""
"ACTIPT8-C","C","ACTIPT8","Gestión de Inversión","C","C",0,1,1,0,1,1,1,0,0,0,0,0,,0,,,514583,500563,500390,500099,""
"ACTIPT8-B3","B3","ACTIPT8","PF, Fideicomisos, Distribuidores","B","B",1,1,1,1,0,0,0,1,1,0,0,0,10000,0,100000,499999.99,514586,500564,500391,500099,""
"ACTIPT8-B4","B4","ACTIPT8","PF, Fideicomisos, Distribuidores","B","B",1,1,1,1,0,0,0,1,1,0,0,0,10000,0,500000,999999.99,514584,500565,500391,500099,""
"ACTIPT8-B5","B5","ACTIPT8","PF, Fideicomisos, Distribuidores","B","B",1,1,1,1,0,0,0,1,1,0,0,0,10000,0,1000000,2999999.99,514587,500566,500391,500099,""
"ACTIPT8-B2","B2","ACTIPT8","PF, Fideicomisos, Distribuidores","B","B",1,1,1,1,0,0,0,1,1,0,0,0,10000,0,50000,99999.99,514588,500567,500391,500099,""
"ACTIPT8-B1","B1","ACTIPT8","PF, Fideicomisos, Distribuidores","B","B",1,1,1,1,0,0,0,1,1,0,0,0,10000,0,0,49999.99,514589,500568,500391,500099,""
"ACTIPT8-B6","B6","ACTIPT8","PF, Fideicomisos, Distribuidores","B","B",1,1,1,1,0,0,0,1,1,0,0,0,10000,0,3000000,,514585,500569,500391,500099,""
"ACTIPT8-E","E","ACTIPT8","Exentas","E","E",0,1,1,1,1,1,0,1,0,1,0,0,,0,,,514590,500570,500392,500099,""
"ACTIPT8-A","A","ACTIPT8","SERIE DE CAPITAL INICIAL","A","A",0,1,0,0,1,0,1,0,0,1,0,0,,0,,,514591,500571,500393,500099,""
"ACTPT13-FF","FF","ACTPT13","Fondo de Fondos","FF","FF",0,1,0,0,1,0,1,0,0,0,1,1,,0,,,514592,500572,500394,500100,""
"ACTPT13-A","A","ACTPT13","SERIE DE CAPITAL INICIAL","A","A",0,1,0,0,1,0,1,0,0,1,0,0,,0,,,514593,500573,500395,500100,""
"ACTPT13-M-3","M-3","ACTPT13","PM, Fideicomisos, Distribuidoras","M","M",1,1,1,0,1,1,1,0,0,0,1,1,10000,0,3000000,,514594,500574,500396,500100,""
"ACTPT13-M-1","M-1","ACTPT13","PM, Fideicomisos, Distribuidoras","M","M",1,1,1,0,1,1,1,0,0,0,1,1,10000,0,0,999999.99,514595,500575,500396,500100,""
"ACTPT13-M-2","M-2","ACTPT13","PM, Fideicomisos, Distribuidoras","M","M",1,1,1,0,1,1,1,0,0,0,1,1,10000,0,1000000,2999999.99,514596,500576,500396,500100,""
"ACTPT13-E","E","ACTPT13","Exentas","E","E",0,1,1,1,1,1,0,1,0,1,1,1,,0,,,514597,500577,500397,500100,""
"ACTPT13-B-1","B-1","ACTPT13","PF, Fideicomisos, Distribuidores","B","B",1,1,1,1,0,0,0,1,1,0,1,1,10000,0,0,99999.99,514599,500578,500398,500100,""
"ACTPT13-B-3","B-3","ACTPT13","PF, Fideicomisos, Distribuidores","B","B",1,1,1,1,0,0,0,1,1,0,1,1,10000,0,1000000,,514598,500579,500398,500100,""
"ACTPT13-B-2","B-2","ACTPT13","PF, Fideicomisos, Distribuidores","B","B",1,1,1,1,0,0,0,1,1,0,1,1,10000,0,100000,999999.99,514600,500580,500398,500100,""
"OPORT1-FF","FF","OPORT1","FONDO DE FONDOS","FF","FF",0,1,0,0,1,0,1,0,0,0,1,1,,0,,,514601,500581,500399,500101,""
"OPORT1-E","E","OPORT1","Exentas","E","E",0,1,1,1,1,1,0,1,0,1,1,1,,0,,,514602,500582,500400,500101,""
"OPORT1-B","B","OPORT1","PF, Fideicomisos, Distribuidores","B","B",0,1,1,1,0,0,0,1,1,0,1,1,,0,,,514603,500583,500401,500101,""
"OPORT1-C","C","OPORT1","Gestión de Inversión","C","C",0,1,1,1,1,1,1,1,1,0,1,1,,0,,,514604,500584,500402,500101,""
"OPORT1-M","M","OPORT1","PM, Fideicomisos, Distribuidoras","M","M",0,1,1,0,1,1,1,0,0,0,1,1,,0,,,514605,500585,500403,500101,""
"OPORT1-A","A","OPORT1","SERIE DE CAPITAL INICIAL","A","A",0,1,0,0,1,0,1,0,0,1,0,0,,0,,,514606,500586,500404,500101,""
"OPORT2-E","E","OPORT2","Exentas","E","E",0,1,1,1,1,1,0,1,0,1,1,1,,0,,,514607,500587,500405,500102,""
"OPORT2-C","C","OPORT2","Gestión de Inversión","C","C",0,1,1,1,1,1,1,1,1,0,1,1,,0,,,514608,500588,500406,500102,""
"OPORT2-A","A","OPORT2","SERIE DE CAPITAL INICIAL","A","A",0,1,0,0,1,0,1,0,0,1,0,0,,0,,,514609,500589,500407,500102,""
"OPORT2-FF","FF","OPORT2","FONDO DE FONDOS","FF","FF",0,1,0,0,1,0,1,0,0,0,1,1,,0,,,514610,500590,500408,500102,""
"OPORT2-M-4","M-4","OPORT2","PM, Fideicomisos, Distribuidoras","M","M",1,1,1,0,1,1,1,0,0,0,1,1,5000000,0,200000000.01,500000000,514613,500591,500409,500102,""
"OPORT2-M-2","M-2","OPORT2","PM, Fideicomisos, Distribuidoras","M","M",1,1,1,0,1,1,1,0,0,0,1,1,5000000,0,20000000.01,80000000,514612,500592,500409,500102,""
"OPORT2-M-5","M-5","OPORT2","PM, Fideicomisos, Distribuidoras","M","M",1,1,1,0,1,1,1,0,0,0,1,1,5000000,0,500000000.01,,514614,500593,500409,500102,""
"OPORT2-M-3","M-3","OPORT2","PM, Fideicomisos, Distribuidoras","M","M",1,1,1,0,1,1,1,0,0,0,1,1,5000000,0,80000000.01,200000000,514611,500594,500409,500102,""
"OPORT2-M-1","M-1","OPORT2","PM, Fideicomisos, Distribuidoras","M","M",1,1,1,0,1,1,1,0,0,0,1,1,5000000,0,0,20000000,514615,500595,500409,500102,""
"OPORT2-B-1","B-1","OPORT2","PF, Fideicomisos, Distribuidores","B","B",1,1,1,1,0,0,0,1,1,0,1,1,100000,0,0,1000000,514622,500596,500410,500102,""
"OPORT2-B-2","B-2","OPORT2","PF, Fideicomisos, Distribuidores","B","B",1,1,1,1,0,0,0,1,1,0,1,1,100000,0,1000000.01,5000000,514617,500597,500410,500102,""
"OPORT2-B-6","B-6","OPORT2","PF, Fideicomisos, Distribuidores","B","B",1,1,1,1,0,0,0,1,1,0,1,1,100000,0,200000000.01,500000000,514618,500598,500410,500102,""
"OPORT2-B-4","B-4","OPORT2","PF, Fideicomisos, Distribuidores","B","B",1,1,1,1,0,0,0,1,1,0,1,1,100000,0,20000000.01,80000000,514619,500599,500410,500102,""
"OPORT2-B-7","B-7","OPORT2","PF, Fideicomisos, Distribuidores","B","B",1,1,1,1,0,0,0,1,1,0,1,1,100000,0,500000000.01,,514620,500600,500410,500102,""
"OPORT2-B-5","B-5","OPORT2","PF, Fideicomisos, Distribuidores","B","B",1,1,1,1,0,0,0,1,1,0,1,1,100000,0,80000000.01,200000000,514616,500601,500410,500102,""
"OPORT2-B-3","B-3","OPORT2","PF, Fideicomisos, Distribuidores","B","B",1,1,1,1,0,0,0,1,1,0,1,1,100000,0,5000000.01,20000000,514621,500602,500410,500102,""
"OPORT3-C","C","OPORT3","Gestión de Inversión","C","C",0,1,1,1,1,0,1,1,1,1,1,1,,0,,,514623,500603,500411,500103,""
"OPORT3-E","E","OPORT3","Exentas","E","E",0,1,1,1,1,1,0,1,1,0,1,1,,0,,,514624,500604,500412,500103,""
"OPORT3-FF","FF","OPORT3","Fondo de Fondos","FF","FF",0,1,0,0,1,0,1,0,0,1,1,1,,0,,,514625,500605,500413,500103,""
"OPORT3-B","B","OPORT3","PF, Fideicomisos, Distribuidores","B","B",0,1,1,1,0,0,0,1,1,1,1,1,,0,,,514626,500606,500414,500103,""
"OPORT3-A","A","OPORT3","SERIE DE CAPITAL INICIAL","A","A",0,1,0,0,1,0,1,0,0,1,0,0,,0,,,514627,500607,500415,500103,""
"OPORT3-M","M","OPORT3","PM, Fideicomisos, Distribuidoras","M","M",0,1,1,0,1,0,1,0,0,1,1,1,,0,,,514628,500608,500416,500103,""
"ORION-CE","CE","ORION","PM No Contribuyentes","CE","CE",0,1,1,1,1,1,0,1,0,1,1,1,,0,,,514629,500609,500417,500104,""
"ORION-FF","FF","ORION","FONDO DE FONDOS","FF","FF",0,1,0,0,1,0,1,0,0,0,1,1,,0,,,514630,500610,500418,500104,""
"ORION-E","E","ORION","Exentas","E","E",0,1,1,1,1,1,0,1,0,1,1,1,,0,,,514631,500611,500419,500104,""
"ORION-M-1","M-1","ORION","PM, Fideicomisos, Distribuidoras","M","M",1,1,1,0,1,1,1,0,0,0,1,1,0.01,0,0,999999.99,514632,500612,500420,500104,""
"ORION-M-3","M-3","ORION","PM, Fideicomisos, Distribuidoras","M","M",1,1,1,0,1,1,1,0,0,0,1,1,0.01,0,3000000,,514633,500613,500420,500104,""
"ORION-M-2","M-2","ORION","PM, Fideicomisos, Distribuidoras","M","M",1,1,1,0,1,1,1,0,0,0,1,1,0.01,0,1000000,2999999.99,514634,500614,500420,500104,""
"ORION-B-1","B-1","ORION","PF, Fideicomisos, Distribuidores","B","B",1,1,1,1,0,0,0,1,1,0,1,1,0.01,0,0,99999.99,514637,500615,500421,500104,""
"ORION-B-2","B-2","ORION","PF, Fideicomisos, Distribuidores","B","B",1,1,1,1,0,0,0,1,1,0,1,1,0.01,0,100000,999999.99,514635,500616,500421,500104,""
"ORION-B-3","B-3","ORION","PF, Fideicomisos, Distribuidores","B","B",1,1,1,1,0,0,0,1,1,0,1,1,0.01,0,1000000,,514636,500617,500421,500104,""
"ORION-C","C","ORION","Gestión de Inversión","C","C",0,1,1,1,1,1,1,1,1,0,1,1,,0,,,514638,500618,500422,500104,""
"ORION-A","A","ORION","SERIE DE CAPITAL INICIAL","A","A",0,1,0,0,1,0,1,0,0,1,0,0,,0,,,514639,500619,500423,500104,""
"PROTEGE-E","E","PROTEGE","Exentas","E","E",0,1,1,1,1,1,0,1,0,1,1,1,,0,,,514640,500620,500424,500105,""
"PROTEGE-M","M","PROTEGE","PM, Fideicomisos, Distribuidoras","M","M",0,1,1,0,1,1,1,0,0,0,1,1,,0,,,514641,500621,500425,500105,""
"PROTEGE-A","A","PROTEGE","SERIE DE CAPITAL INICIAL","A","A",0,1,0,0,1,0,1,0,0,1,0,0,,0,,,514642,500622,500426,500105,""
"PROTEGE-C","C","PROTEGE","Gestión de Inversión","C","C",0,1,1,1,1,1,1,1,1,0,1,1,,0,,,514643,500623,500427,500105,""
"PROTEGE-B","B","PROTEGE","PF, Fideicomisos, Distribuidores","B","B",0,1,1,1,0,0,0,1,1,0,1,1,,0,,,514644,500624,500428,500105,""
"PRUEM-B-1","B-1","PRUEM","PF, Fideicomisos, Distribuidores","B","B",0,1,1,1,0,0,0,1,1,1,0,0,,0,,,514648,500625,500429,500106,""
"PRUEM-B-3","B-3","PRUEM","PF, Fideicomisos, Distribuidores","B","B",0,1,1,1,0,0,0,1,1,1,0,0,,0,,,514646,500626,500429,500106,""
"PRUEM-B-2","B-2","PRUEM","PF, Fideicomisos, Distribuidores","B","B",0,1,1,1,0,0,0,1,1,1,0,0,,0,,,514645,500627,500429,500106,""
"PRUEM-B-4","B-4","PRUEM","PF, Fideicomisos, Distribuidores","B","B",0,1,1,1,0,0,0,1,1,1,0,0,,0,,,514650,500628,500429,500106,""
"PRUEM-B-5","B-5","PRUEM","PF, Fideicomisos, Distribuidores","B","B",0,1,1,1,0,0,0,1,1,1,0,0,,0,,,514649,500629,500429,500106,""
"PRUEM-B-6","B-6","PRUEM","PF, Fideicomisos, Distribuidores","B","B",0,1,1,1,0,0,0,1,1,1,0,0,,0,,,514647,500630,500429,500106,""
"PRUEM-C","C","PRUEM","Gestión de Inversión","C","C",0,1,1,0,1,0,1,0,0,1,0,0,,0,,,514651,500631,500430,500106,""
"PRUEM-E","E","PRUEM","Exentas","E","E",0,1,0,0,1,1,0,0,0,1,0,0,,0,,,514652,500632,500431,500106,""
"PRUEM-A","A","PRUEM","SERIE DE CAPITAL INICIAL","A","A",0,1,0,0,1,0,1,0,0,1,0,0,,0,,,514653,500633,500432,500106,""
"PRUREF-A","A","PRUREF","SERIE DE CAPITAL INICIAL","A","A",0,1,0,0,1,0,1,0,0,1,0,0,,0,,,514654,500634,500433,500107,""
"PRUREF-B4","B4","PRUREF","PF, Fideicomisos, Distribuidores","B","B",1,1,1,1,1,0,1,1,1,1,0,0,10000,0,10000000,39999999.99,514659,500635,500434,500107,""
"PRUREF-B2","B2","PRUREF","PF, Fideicomisos, Distribuidores","B","B",1,1,1,1,1,0,1,1,1,1,0,0,10000,0,1000000,2999999.99,514658,500636,500434,500107,""
"PRUREF-B5","B5","PRUREF","PF, Fideicomisos, Distribuidores","B","B",1,1,1,1,1,0,1,1,1,1,0,0,10000,0,40000000,,514655,500637,500434,500107,""
"PRUREF-B3","B3","PRUREF","PF, Fideicomisos, Distribuidores","B","B",1,1,1,1,1,0,1,1,1,1,0,0,10000,0,3000000,9999999.99,514656,500638,500434,500107,""
"PRUREF-B1","B1","PRUREF","PF, Fideicomisos, Distribuidores","B","B",1,1,1,1,1,0,1,1,1,1,0,0,10000,0,0,999999.99,514657,500639,500434,500107,""
"PRUREF-E","E","PRUREF","Exentas","E","E",0,1,0,0,1,1,0,0,0,1,0,0,,0,,,514660,500640,500435,500107,""
"SNX-I","I","SNX","PF, PM, Fideicomisos, PPR","I","I",0,1,1,1,1,1,1,1,1,0,1,1,,0,,,514661,500641,500436,500108,""
"SNX-A","A","SNX","SERIE DE CAPITAL INICIAL","A","A",0,1,0,0,1,0,1,0,0,1,0,0,,0,,,514662,500642,500437,500108,""
"SNX-D","D","SNX","DISTRIBUIDORAS","D","D",0,1,0,1,1,1,1,1,1,0,1,1,,0,,,514663,500643,500438,500108,""
"SNX-B","B","SNX","PF, PM, Fideicomisos, PPR","B","B",0,1,1,1,1,1,1,1,1,0,1,1,,0,,,514664,500644,500439,500108,""
"SNX-FF","FF","SNX","FONDO DE FONDOS","FF","FF",0,1,0,0,1,0,1,0,0,0,1,1,,0,,,514665,500645,500440,500108,""
"SNX-E","E","SNX","Exentas","E","E",0,1,1,1,1,1,0,1,0,1,1,1,,0,,,514666,500646,500441,500108,""
"VTLS-RF-E-1","E-1","VTLS-RF","Exentas","E","E",1,1,1,1,1,1,0,1,0,1,1,1,10000,0,0,19999999.99,514669,500647,500442,500109,""
"VTLS-RF-E-2","E-2","VTLS-RF","Exentas","E","E",1,1,1,1,1,1,0,1,0,1,1,1,10000,0,20000000,49999999.99,514668,500648,500442,500109,""
"VTLS-RF-E-3","E-3","VTLS-RF","Exentas","E","E",1,1,1,1,1,1,0,1,0,1,1,1,10000,0,50000000,,514667,500649,500442,500109,""
"VTLS-RF-A","A","VTLS-RF","SERIE DE CAPITAL INICIAL","A","A",0,1,0,0,1,0,1,0,0,1,0,0,,0,,,514670,500650,500443,500109,""
"VTLS-RF-B-1","B-1","VTLS-RF","PF, Fideicomisos, Distribuidores","B","B",1,1,1,1,0,0,0,1,1,0,1,1,1000,0,0,19999999.99,514671,500651,500444,500109,""
"VTLS-RF-B-2","B-2","VTLS-RF","PF, Fideicomisos, Distribuidores","B","B",1,1,1,1,0,0,0,1,1,0,1,1,1000,0,20000000,49999999.99,514673,500652,500444,500109,""
"VTLS-RF-B-3","B-3","VTLS-RF","PF, Fideicomisos, Distribuidores","B","B",1,1,1,1,0,0,0,1,1,0,1,1,1000,0,50000000,,514672,500653,500444,500109,""
"VTLS-RF-M-3","M-3","VTLS-RF","PM, Fideicomisos, Distribuidoras","M","M",1,1,1,0,1,1,1,0,0,0,1,1,10000,0,50000000,,514675,500654,500445,500109,""
"VTLS-RF-M-2","M-2","VTLS-RF","PM, Fideicomisos, Distribuidoras","M","M",1,1,1,0,1,1,1,0,0,0,1,1,10000,0,20000000,49999999.99,514676,500655,500445,500109,""
"VTLS-RF-M-1","M-1","VTLS-RF","PM, Fideicomisos, Distribuidoras","M","M",1,1,1,0,1,1,1,0,0,0,1,1,10000,0,0,19999999.99,514674,500656,500445,500109,""
"VTLS-RV-A","A","VTLS-RV","SERIE DE CAPITAL INICIAL","A","A",0,1,0,0,1,0,1,0,0,1,0,0,,0,,,514677,500657,500446,500110,""
"VTLS-RV-B-3","B-3","VTLS-RV","PF, Fideicomisos, Distribuidores","B","B",1,1,1,1,0,0,0,1,1,0,1,1,10000,0,50000000,,514679,500658,500447,500110,""
"VTLS-RV-B-1","B-1","VTLS-RV","PF, Fideicomisos, Distribuidores","B","B",1,1,1,1,0,0,0,1,1,0,1,1,10000,0,0,19999999.99,514680,500659,500447,500110,""
"VTLS-RV-B-2","B-2","VTLS-RV","PF, Fideicomisos, Distribuidores","B","B",1,1,1,1,0,0,0,1,1,0,1,1,10000,0,20000000,49999999.99,514678,500660,500447,500110,""
"VTLS-RV-E-2","E-2","VTLS-RV","Exentas","E","E",1,1,1,1,1,1,0,1,0,1,1,1,10000,0,20000000,49999999.99,514683,500661,500448,500110,""
"VTLS-RV-E-1","E-1","VTLS-RV","Exentas","E","E",1,1,1,1,1,1,0,1,0,1,1,1,10000,0,0,19999999.99,514682,500662,500448,500110,""
"VTLS-RV-E-3","E-3","VTLS-RV","Exentas","E","E",1,1,1,1,1,1,0,1,0,1,1,1,10000,0,50000000,,514681,500663,500448,500110,""
"VTLS-RV-M-2","M-2","VTLS-RV","PM, Fideicomisos, Distribuidoras","M","M",1,1,1,0,1,1,1,0,0,0,1,1,10000,0,20000000,49999999.99,514684,500664,500449,500110,""
"VTLS-RV-M-1","M-1","VTLS-RV","PM, Fideicomisos, Distribuidoras","M","M",1,1,1,0,1,1,1,0,0,0,1,1,10000,0,0,19999999.99,514685,500665,500449,500110,""
"VTLS-RV-M-3","M-3","VTLS-RV","PM, Fideicomisos, Distribuidoras","M","M",1,1,1,0,1,1,1,0,0,0,1,1,10000,0,50000000,,514686,500666,500449,500110,""
"IMPULSA-M","M","IMPULSA","PM, Fideicomisos, Distribuidoras","M","M",0,1,1,0,1,1,1,0,0,0,1,1,,0,,,514687,500667,500450,500111,""
"IMPULSA-A","A","IMPULSA","SERIE DE CAPITAL INICIAL","A","A",0,1,0,0,1,0,1,0,0,1,0,0,,0,,,514688,500668,500451,500111,""
"IMPULSA-C","C","IMPULSA","C","C","C",0,1,0,1,1,1,1,1,1,0,1,1,,0,,,514689,500669,500452,500111,""
"IMPULSA-D","D","IMPULSA","DISTRIBUIDORAS","D","D",0,1,0,1,1,1,1,1,1,0,1,1,,0,,,514690,500670,500453,500111,""
"IMPULSA-E","E","IMPULSA","Exentas","E","E",0,1,1,1,1,1,0,1,0,1,1,1,,0,,,514691,500671,500454,500111,""
"IMPULSA-B","B","IMPULSA","PF, Fideicomisos, Distribuidores","B","B",0,1,1,1,0,0,0,1,1,0,1,1,,0,,,514692,500672,500455,500111,""
